race,date,count,frac
American Indian or Alaska Native,2020-12-15,0,0
American Indian or Alaska Native,2020-12-16,0,0
American Indian or Alaska Native,2020-12-17,0,0
American Indian or Alaska Native,2020-12-18,0,0
American Indian or Alaska Native,2020-12-19,0,0
American Indian or Alaska Native,2020-12-20,0,0
American Indian or Alaska Native,2020-12-21,0,0
American Indian or Alaska Native,2020-12-22,0,0
American Indian or Alaska Native,2020-12-23,0,0
American Indian or Alaska Native,2020-12-24,0,0
American Indian or Alaska Native,2020-12-25,0,0
American Indian or Alaska Native,2020-12-26,0,0
American Indian or Alaska Native,2020-12-27,0,0
American Indian or Alaska Native,2020-12-28,0,0
American Indian or Alaska Native,2020-12-29,0,0
American Indian or Alaska Native,2020-12-30,0,0
American Indian or Alaska Native,2020-12-31,0,0
American Indian or Alaska Native,2021-01-01,0,0
American Indian or Alaska Native,2021-01-02,0,0
American Indian or Alaska Native,2021-01-03,0,0
American Indian or Alaska Native,2021-01-04,0,0
American Indian or Alaska Native,2021-01-05,11,7.933803230861052e-5
American Indian or Alaska Native,2021-01-06,77,5.553662261602736e-4
American Indian or Alaska Native,2021-01-07,167,0.0012044955814125415
American Indian or Alaska Native,2021-01-08,285,0.002055576291632182
American Indian or Alaska Native,2021-01-09,322,0.0023224405821247805
American Indian or Alaska Native,2021-01-10,344,0.0024811166467420018
American Indian or Alaska Native,2021-01-11,487,0.0035125110667539386
American Indian or Alaska Native,2021-01-12,586,0.004226553357531433
American Indian or Alaska Native,2021-01-13,693,0.0049982960354424625
American Indian or Alaska Native,2021-01-14,745,0.00537334855181044
American Indian or Alaska Native,2021-01-15,783,0.005647425390694731
American Indian or Alaska Native,2021-01-16,801,0.005777251261745184
American Indian or Alaska Native,2021-01-17,811,0.005849376745662103
American Indian or Alaska Native,2021-01-18,865,0.006238854358813464
American Indian or Alaska Native,2021-01-19,989,0.007133210359383255
American Indian or Alaska Native,2021-01-20,1112,0.008020353811561354
American Indian or Alaska Native,2021-01-21,1169,0.00843146906988779
American Indian or Alaska Native,2021-01-22,1226,0.008842584328214227
American Indian or Alaska Native,2021-01-23,1256,0.009058960779964983
American Indian or Alaska Native,2021-01-24,1262,0.009102236070315134
American Indian or Alaska Native,2021-01-25,1375,0.009917254038576314
American Indian or Alaska Native,2021-01-26,1511,0.010898160619846409
American Indian or Alaska Native,2021-01-27,1649,0.011893492297899886
American Indian or Alaska Native,2021-01-28,1783,0.012859973782386597
American Indian or Alaska Native,2021-01-29,1906,0.013747117234564695
American Indian or Alaska Native,2021-01-30,1938,0.013977918783098835
American Indian or Alaska Native,2021-01-31,1952,0.014078894460582522
American Indian or Alaska Native,2021-02-01,2093,0.015095863783811074
American Indian or Alaska Native,2021-02-02,2279,0.016437397784665762
American Indian or Alaska Native,2021-02-03,2560,0.018464123882731175
American Indian or Alaska Native,2021-02-04,2897,0.020894752690731336
American Indian or Alaska Native,2021-02-05,3297,0.023779772047408082
American Indian or Alaska Native,2021-02-06,3381,0.024385626112310196
American Indian or Alaska Native,2021-02-07,3417,0.024645277854411105
American Indian or Alaska Native,2021-02-08,3658,0.026383502016808846
American Indian or Alaska Native,2021-02-09,4037,0.02911705785726006
American Indian or Alaska Native,2021-02-10,4503,0.03247810540778847
American Indian or Alaska Native,2021-02-11,5069,0.036560407797486066
American Indian or Alaska Native,2021-02-12,5490,0.039596890670388345
American Indian or Alaska Native,2021-02-13,5623,0.04055615960648336
American Indian or Alaska Native,2021-02-14,5708,0.041169226219777165
American Indian or Alaska Native,2021-02-15,5845,0.042157345349438956
American Indian or Alaska Native,2021-02-16,6313,0.04553281799675075
American Indian or Alaska Native,2021-02-17,6771,0.04883616516014562
American Indian or Alaska Native,2021-02-18,7361,0.05309156871124382
American Indian or Alaska Native,2021-02-19,7766,0.05601265080987903
American Indian or Alaska Native,2021-02-20,8104,0.05845049216627088
American Indian or Alaska Native,2021-02-21,8170,0.05892652036012254
American Indian or Alaska Native,2021-02-22,8430,0.06080178294196242
American Indian or Alaska Native,2021-02-23,8946,0.06452345791207544
American Indian or Alaska Native,2021-02-24,9463,0.06825234543058012
American Indian or Alaska Native,2021-02-25,10150,0.07320736617567243
American Indian or Alaska Native,2021-02-26,10689,0.07709492975879435
American Indian or Alaska Native,2021-02-27,10945,0.07894134214706747
American Indian or Alaska Native,2021-02-28,11039,0.07961932169588651
American Indian or Alaska Native,2021-03-01,11324,0.08167489798751869
American Indian or Alaska Native,2021-03-02,11705,0.08442287892475328
American Indian or Alaska Native,2021-03-03,12181,0.08785605195919861
American Indian or Alaska Native,2021-03-04,12850,0.09268124683324047
American Indian or Alaska Native,2021-03-05,13225,0.09538595248012492
American Indian or Alaska Native,2021-03-06,13632,0.09832145967554351
American Indian or Alaska Native,2021-03-07,13749,0.09916532783737146
American Indian or Alaska Native,2021-03-08,14027,0.1011704162902618
American Indian or Alaska Native,2021-03-09,14526,0.10476947793771604
American Indian or Alaska Native,2021-03-10,14987,0.108094462746286
American Indian or Alaska Native,2021-03-11,15695,0.11320094700760383
American Indian or Alaska Native,2021-03-12,16506,0.11905032375326594
American Indian or Alaska Native,2021-03-13,16882,0.12176224194854207
American Indian or Alaska Native,2021-03-14,17091,0.12326966456240568
American Indian or Alaska Native,2021-03-15,17434,0.12574356866075598
American Indian or Alaska Native,2021-03-16,17988,0.12973932046975328
American Indian or Alaska Native,2021-03-17,18556,0.13383604795623424
American Indian or Alaska Native,2021-03-18,19167,0.13824291502355798
American Indian or Alaska Native,2021-03-19,19743,0.1423973428971725
American Indian or Alaska Native,2021-03-20,20090,0.14490009718908958
American Indian or Alaska Native,2021-03-21,20323,0.14658062096435379
American Indian or Alaska Native,2021-03-22,20593,0.1485280090301106
American Indian or Alaska Native,2021-03-23,21051,0.15183135619350546
American Indian or Alaska Native,2021-03-24,21590,0.15571891977662738
American Indian or Alaska Native,2021-03-25,22343,0.16114996871557136
American Indian or Alaska Native,2021-03-26,23041,0.16618432749297227
American Indian or Alaska Native,2021-03-27,23511,0.16957422523706744
American Indian or Alaska Native,2021-03-28,23718,0.17106722275414768
American Indian or Alaska Native,2021-03-29,24120,0.17396666720760778
American Indian or Alaska Native,2021-03-30,24577,0.17726280182261098
American Indian or Alaska Native,2021-03-31,25107,0.18108545247020766
American Indian or Alaska Native,2021-04-01,25823,0.18624963711865905
American Indian or Alaska Native,2021-04-02,26471,0.19092336847647537
American Indian or Alaska Native,2021-04-03,26949,0.1943709666077041
American Indian or Alaska Native,2021-04-04,27156,0.1958639641247843
American Indian or Alaska Native,2021-04-05,27719,0.19992462886930681
American Indian or Alaska Native,2021-04-06,28575,0.20609857029259507
American Indian or Alaska Native,2021-04-07,29306,0.21137094316692182
American Indian or Alaska Native,2021-04-08,30251,0.2181868013970706
American Indian or Alaska Native,2021-04-09,31172,0.22482955846581884
American Indian or Alaska Native,2021-04-10,31800,0.22935903885580133
American Indian or Alaska Native,2021-04-11,32041,0.23109726301819905
American Indian or Alaska Native,2021-04-12,32504,0.23443667292355239
American Indian or Alaska Native,2021-04-13,33034,0.2382593235711491
American Indian or Alaska Native,2021-04-14,33634,0.2425868526061642
American Indian or Alaska Native,2021-04-15,34287,0.24729664670593898
American Indian or Alaska Native,2021-04-16,34870,0.25150156241829535
American Indian or Alaska Native,2021-04-17,35190,0.25380957790363673
American Indian or Alaska Native,2021-04-18,35361,0.25504292367861603
American Indian or Alaska Native,2021-04-19,35798,0.2581948073257854
American Indian or Alaska Native,2021-04-20,36426,0.2627242877157679
American Indian or Alaska Native,2021-04-21,37076,0.2674124441703676
American Indian or Alaska Native,2021-04-22,37863,0.2730887197546291
American Indian or Alaska Native,2021-04-23,38564,0.2781447161772051
American Indian or Alaska Native,2021-04-24,38891,0.2805032195012883
American Indian or Alaska Native,2021-04-25,38920,0.2807123834046474
Asian,2020-12-15,0,0
Asian,2020-12-16,0,0
Asian,2020-12-17,0,0
Asian,2020-12-18,0,0
Asian,2020-12-19,0,0
Asian,2020-12-20,1,1.738561940146111e-7
Asian,2020-12-21,1,1.738561940146111e-7
Asian,2020-12-22,1,1.738561940146111e-7
Asian,2020-12-23,1,1.738561940146111e-7
Asian,2020-12-24,2,3.477123880292222e-7
Asian,2020-12-25,2,3.477123880292222e-7
Asian,2020-12-26,3,5.215685820438332e-7
Asian,2020-12-27,3,5.215685820438332e-7
Asian,2020-12-28,4,6.954247760584444e-7
Asian,2020-12-29,4,6.954247760584444e-7
Asian,2020-12-30,5,8.692809700730554e-7
Asian,2020-12-31,6,1.0431371640876664e-6
Asian,2021-01-01,7,1.2169933581022775e-6
Asian,2021-01-02,7,1.2169933581022775e-6
Asian,2021-01-03,15,2.6078429102191662e-6
Asian,2021-01-04,29,5.041829626423721e-6
Asian,2021-01-05,1151,2.0010847931081736e-4
Asian,2021-01-06,4669,8.117345698542191e-4
Asian,2021-01-07,12021,0.0020899253082496396
Asian,2021-01-08,21557,0.003747817974372971
Asian,2021-01-09,25571,0.00444567673714762
Asian,2021-01-10,28361,0.004930735518448384
Asian,2021-01-11,37919,0.006592453020840037
Asian,2021-01-12,46996,0.008170545693910663
Asian,2021-01-13,54373,0.009453082837156448
Asian,2021-01-14,58784,0.010219962508954898
Asian,2021-01-15,62267,0.010825503632707787
Asian,2021-01-16,64211,0.011163480073872191
Asian,2021-01-17,65216,0.011338205548856875
Asian,2021-01-18,68810,0.011963044710145388
Asian,2021-01-19,74788,0.013002357037964733
Asian,2021-01-20,81056,0.014092087662048315
Asian,2021-01-21,85109,0.014796726816389534
Asian,2021-01-22,88192,0.01533272546253658
Asian,2021-01-23,90497,0.015733463989740258
Asian,2021-01-24,91557,0.015917751555395748
Asian,2021-01-25,98447,0.017115620732156417
Asian,2021-01-26,105472,0.01833696049510906
Asian,2021-01-27,112650,0.019584900255745937
Asian,2021-01-28,119376,0.02075425701668821
Asian,2021-01-29,126241,0.021947779788598517
Asian,2021-01-30,129707,0.02255036535705316
Asian,2021-01-31,130733,0.02272874181211215
Asian,2021-02-01,137074,0.0238311639383588
Asian,2021-02-02,144092,0.02505128670795334
Asian,2021-02-03,152978,0.026596172847967173
Asian,2021-02-04,163462,0.028418881186016355
Asian,2021-02-05,177301,0.03082487705498456
Asian,2021-02-06,184319,0.0320449998245791
Asian,2021-02-07,188072,0.03269748212071594
Asian,2021-02-08,200125,0.034792970827174044
Asian,2021-02-09,216712,0.0376767235172944
Asian,2021-02-10,238379,0.04144366567300897
Asian,2021-02-11,257788,0.04481804054263856
Asian,2021-02-12,278043,0.04833949775240451
Asian,2021-02-13,290988,0.05059006618392365
Asian,2021-02-14,299326,0.052039679129617475
Asian,2021-02-15,309680,0.05383978616244476
Asian,2021-02-16,328138,0.05704882379156645
Asian,2021-02-17,347856,0.06047692022514655
Asian,2021-02-18,369554,0.06424925192287559
Asian,2021-02-19,388233,0.0674967117708745
Asian,2021-02-20,398659,0.06930933644967084
Asian,2021-02-21,404704,0.07036029714248916
Asian,2021-02-22,416838,0.07246986820066245
Asian,2021-02-23,436060,0.07581173196201131
Asian,2021-02-24,459632,0.07990987016732372
Asian,2021-02-25,482171,0.08382841492421904
Asian,2021-02-26,507871,0.08829651911039454
Asian,2021-02-27,528788,0.09193306912059816
Asian,2021-02-28,539797,0.09384705196050501
Asian,2021-03-01,556698,0.09678539549554596
Asian,2021-03-02,575867,0.10011804487861203
Asian,2021-03-03,598473,0.10404823800050633
Asian,2021-03-04,621188,0.10799738144754822
Asian,2021-03-05,641312,0.11149606349589826
Asian,2021-03-06,656406,0.1141202488883548
Asian,2021-03-07,663900,0.1154231272063003
Asian,2021-03-08,674266,0.11722532051345576
Asian,2021-03-09,692049,0.12031700521161758
Asian,2021-03-10,713117,0.1239798075071174
Asian,2021-03-11,739604,0.1285847365179824
Asian,2021-03-12,769329,0.13375261188506674
Asian,2021-03-13,790460,0.13742636712078948
Asian,2021-03-14,803950,0.13977168717804658
Asian,2021-03-15,823165,0.14311233394603734
Asian,2021-03-16,846196,0.14711641595038782
Asian,2021-03-17,867724,0.15085919209513438
Asian,2021-03-18,890237,0.15477321659098534
Asian,2021-03-19,915883,0.15923193254268403
Asian,2021-03-20,932211,0.16207065647855462
Asian,2021-03-21,941475,0.16368126025990595
Asian,2021-03-22,955669,0.16614897507774937
Asian,2021-03-23,975689,0.16962957608192186
Asian,2021-03-24,999730,0.17380925284222712
Asian,2021-03-25,1027341,0.17860959621516456
Asian,2021-03-26,1056444,0.18366933302957178
Asian,2021-03-27,1082138,0.1881363940785832
Asian,2021-03-28,1098414,0.19096607749236502
Asian,2021-03-29,1122068,0.1950784719055866
Asian,2021-03-30,1145733,0.19919277873694238
Asian,2021-03-31,1172865,0.20390984499294681
Asian,2021-04-01,1207218,0.20988232682593075
Asian,2021-04-02,1241824,0.2158987942760004
Asian,2021-04-03,1270673,0.2209143716171279
Asian,2021-04-04,1288383,0.22399336481312668
Asian,2021-04-05,1318137,0.2291662820098374
Asian,2021-04-06,1356529,0.23584096901044635
Asian,2021-04-07,1394956,0.24252174097784582
Asian,2021-04-08,1436764,0.24979032073720867
Asian,2021-04-09,1479863,0.2572833488430444
Asian,2021-04-10,1513906,0.2632019352558838
Asian,2021-04-11,1534184,0.26672739115811206
Asian,2021-04-12,1562735,0.27169115935342325
Asian,2021-04-13,1592234,0.2768197432206603
Asian,2021-04-14,1625603,0.2826211505587338
Asian,2021-04-15,1659091,0.2884432467838951
Asian,2021-04-16,1693774,0.29447310116090386
Asian,2021-04-17,1718733,0.2988123779073145
Asian,2021-04-18,1733320,0.30134841820940567
Asian,2021-04-19,1760572,0.3060863472086919
Asian,2021-04-20,1793615,0.31183107742751665
Asian,2021-04-21,1828040,0.3178160769064696
Asian,2021-04-22,1866070,0.3244278279648453
Asian,2021-04-23,1900900,0.3304832392023742
Asian,2021-04-24,1923922,0.33448575650097856
Asian,2021-04-25,1926990,0.3350191473042154
Black or African American,2020-12-15,0,0
Black or African American,2020-12-16,0,0
Black or African American,2020-12-17,0,0
Black or African American,2020-12-18,0,0
Black or African American,2020-12-19,0,0
Black or African American,2020-12-20,0,0
Black or African American,2020-12-21,0,0
Black or African American,2020-12-22,0,0
Black or African American,2020-12-23,0,0
Black or African American,2020-12-24,0,0
Black or African American,2020-12-25,0,0
Black or African American,2020-12-26,0,0
Black or African American,2020-12-27,0,0
Black or African American,2020-12-28,0,0
Black or African American,2020-12-29,0,0
Black or African American,2020-12-30,0,0
Black or African American,2020-12-31,1,4.581473570040205e-7
Black or African American,2021-01-01,1,4.581473570040205e-7
Black or African American,2021-01-02,1,4.581473570040205e-7
Black or African American,2021-01-03,1,4.581473570040205e-7
Black or African American,2021-01-04,2,9.16294714008041e-7
Black or African American,2021-01-05,172,7.880134540469152e-5
Black or African American,2021-01-06,660,3.023772556226535e-4
Black or African American,2021-01-07,1637,7.499872234155815e-4
Black or African American,2021-01-08,2835,0.001298847757106398
Black or African American,2021-01-09,3276,0.0015008907415451711
Black or African American,2021-01-10,3602,0.0016502467799284818
Black or African American,2021-01-11,4990,0.002286155311450062
Black or African American,2021-01-12,6223,0.0028510510026360193
Black or African American,2021-01-13,7300,0.0033444757061293494
Black or African American,2021-01-14,8045,0.0036857954870973446
Black or African American,2021-01-15,8631,0.0039542698383017005
Black or African American,2021-01-16,8914,0.004083925540333839
Black or African American,2021-01-17,9021,0.0041329473075332685
Black or African American,2021-01-18,9655,0.0044234127318738175
Black or African American,2021-01-19,10889,0.004988766570416779
Black or African American,2021-01-20,12125,0.005555036703673748
Black or African American,2021-01-21,13031,0.005970118209119391
Black or African American,2021-01-22,13640,0.00624912994953484
Black or African American,2021-01-23,14016,0.006421393355768351
Black or African American,2021-01-24,14179,0.006496071374960007
Black or African American,2021-01-25,15769,0.007224525672596399
Black or African American,2021-01-26,17489,0.008012539126643315
Black or African American,2021-01-27,19376,0.0088770631893099
Black or African American,2021-01-28,20880,0.009566116814243948
Black or African American,2021-01-29,22403,0.01026387523896107
Black or African American,2021-01-30,22952,0.010515398137956279
Black or African American,2021-01-31,23138,0.010600613546359026
Black or African American,2021-02-01,24779,0.011352433359202623
Black or African American,2021-02-02,26622,0.012196798938161033
Black or African American,2021-02-03,28971,0.013272987079763477
Black or African American,2021-02-04,31276,0.014329016737657744
Black or African American,2021-02-05,34154,0.015647564831115315
Black or African American,2021-02-06,35176,0.016115791429973426
Black or African American,2021-02-07,35581,0.016301341109560052
Black or African American,2021-02-08,37633,0.0172414594861323
Black or African American,2021-02-09,40543,0.018574668295014002
Black or African American,2021-02-10,44068,0.020189637728453173
Black or African American,2021-02-11,47552,0.02178582312025518
Black or African American,2021-02-12,51615,0.023647275831762515
Black or African American,2021-02-13,53388,0.024459571095730645
Black or African American,2021-02-14,54383,0.024915427715949647
Black or African American,2021-02-15,56087,0.025696110812284498
Black or African American,2021-02-16,59769,0.027383009380773298
Black or African American,2021-02-17,63670,0.029170242220445983
Black or African American,2021-02-18,67873,0.03109583556193388
Black or African American,2021-02-19,72038,0.033004019303855624
Black or African American,2021-02-20,73920,0.03386625262973719
Black or African American,2021-02-21,74678,0.03421352832634624
Black or African American,2021-02-22,77330,0.0354285351171209
Black or African American,2021-02-23,81035,0.037125971074820796
Black or African American,2021-02-24,85651,0.03924077927475136
Black or African American,2021-02-25,90516,0.041469666166575915
Black or African American,2021-02-26,95634,0.0438144643397225
Black or African American,2021-02-27,98935,0.045326808765192766
Black or African American,2021-02-28,100361,0.0459801268962805
Black or African American,2021-03-01,104012,0.047652822896702175
Black or African American,2021-03-02,109132,0.049998537364562765
Black or African American,2021-03-03,115070,0.052719016370452634
Black or African American,2021-03-04,121134,0.055497221943325015
Black or African American,2021-03-05,126164,0.057801703149055236
Black or African American,2021-03-06,130379,0.05973279425882719
Black or African American,2021-03-07,132362,0.06064130046776616
Black or African American,2021-03-08,135323,0.06199787479185506
Black or African American,2021-03-09,140869,0.06453876003379937
Black or African American,2021-03-10,146577,0.0671538651475783
Black or African American,2021-03-11,154615,0.07083645360317663
Black or African American,2021-03-12,163770,0.07503079265654844
Black or African American,2021-03-13,168911,0.0773861282189061
Black or African American,2021-03-14,172057,0.07882745980404075
Black or African American,2021-03-15,177547,0.08134268879399283
Black or African American,2021-03-16,184744,0.08463997532235076
Black or African American,2021-03-17,191335,0.08765962455236426
Black or African American,2021-03-18,198602,0.09098898139571247
Black or African American,2021-03-19,206709,0.09470318201894407
Black or African American,2021-03-20,212144,0.09719321290426092
Black or African American,2021-03-21,214809,0.09841417561067664
Black or African American,2021-03-22,219216,0.10043323101299335
Black or African American,2021-03-23,225277,0.10321006214379472
Black or African American,2021-03-24,231955,0.10626957019386757
Black or African American,2021-03-25,239042,0.10951646051295506
Black or African American,2021-03-26,246982,0.11315415052756699
Black or African American,2021-03-27,252993,0.11590807429051815
Black or African American,2021-03-28,256319,0.11743187239991353
Black or African American,2021-03-29,261741,0.11991594736958933
Black or African American,2021-03-30,268558,0.12303913790228573
Black or African American,2021-03-31,275936,0.12641934910226138
Black or African American,2021-04-01,284523,0.13035346045685492
Black or African American,2021-04-02,293664,0.13454138544722866
Black or African American,2021-04-03,299770,0.1373388332090952
Black or African American,2021-04-04,302985,0.13881177696186314
Black or African American,2021-04-05,310017,0.1420334691763154
Black or African American,2021-04-06,319631,0.14643809786655207
Black or African American,2021-04-07,329581,0.15099666406874207
Black or African American,2021-04-08,340303,0.1559089200305392
Black or African American,2021-04-09,350869,0.16074970500464367
Black or African American,2021-04-10,358566,0.16427606521150362
Black or African American,2021-04-11,362380,0.16602343923111695
Black or African American,2021-04-12,369189,0.1691429645849573
Black or African American,2021-04-13,376555,0.17251767801664894
Black or African American,2021-04-14,384490,0.17615307729447582
Black or African American,2021-04-15,392841,0.1799790658728164
Black or African American,2021-04-16,400980,0.18370792721147214
Black or African American,2021-04-17,406437,0.18620803733864308
Black or African American,2021-04-18,409321,0.18752933431624266
Black or African American,2021-04-19,415914,0.19054989984097018
Black or African American,2021-04-20,423558,0.1940519782379089
Black or African American,2021-04-21,431621,0.19774602037743233
Black or African American,2021-04-22,439814,0.20149962167336627
Black or African American,2021-04-23,446876,0.20473505830852864
Black or African American,2021-04-24,450539,0.20641325207723438
Black or African American,2021-04-25,451117,0.2066780612495827
Latino,2020-12-15,0,0
Latino,2020-12-16,0,0
Latino,2020-12-17,0,0
Latino,2020-12-18,0,0
Latino,2020-12-19,0,0
Latino,2020-12-20,0,0
Latino,2020-12-21,0,0
Latino,2020-12-22,0,0
Latino,2020-12-23,0,0
Latino,2020-12-24,0,0
Latino,2020-12-25,0,0
Latino,2020-12-26,0,0
Latino,2020-12-27,1,6.425024019068854e-8
Latino,2020-12-28,1,6.425024019068854e-8
Latino,2020-12-29,2,1.2850048038137707e-7
Latino,2020-12-30,2,1.2850048038137707e-7
Latino,2020-12-31,5,3.2125120095344274e-7
Latino,2021-01-01,5,3.2125120095344274e-7
Latino,2021-01-02,5,3.2125120095344274e-7
Latino,2021-01-03,7,4.497516813348198e-7
Latino,2021-01-04,12,7.710028822882626e-7
Latino,2021-01-05,739,4.7480927500918834e-5
Latino,2021-01-06,2798,1.7977217205354654e-4
Latino,2021-01-07,7289,4.683200007499288e-4
Latino,2021-01-08,13324,8.560702003007341e-4
Latino,2021-01-09,15574,0.0010006332407297835
Latino,2021-01-10,17067,0.0010965588493344813
Latino,2021-01-11,23377,0.001501977864937726
Latino,2021-01-12,29220,0.0018773920183719193
Latino,2021-01-13,34204,0.002197615215482311
Latino,2021-01-14,36857,0.0023680711027082076
Latino,2021-01-15,38973,0.0025040246109517047
Latino,2021-01-16,40054,0.002573479120597839
Latino,2021-01-17,40546,0.002605090238771658
Latino,2021-01-18,43298,0.0027819068997764324
Latino,2021-01-19,48186,0.0030959620738285182
Latino,2021-01-20,53200,0.0034181127781446304
Latino,2021-01-21,55915,0.00359255218026235
Latino,2021-01-22,58313,0.003746624256239621
Latino,2021-01-23,59645,0.0038322055761736184
Latino,2021-01-24,60236,0.0038701774681263153
Latino,2021-01-25,65717,0.004222333034611479
Latino,2021-01-26,72174,0.004637196835522755
Latino,2021-01-27,79327,0.00509677880360675
Latino,2021-01-28,85519,0.005494616290867493
Latino,2021-01-29,91635,0.005887570759873745
Latino,2021-01-30,94087,0.006045112348821313
Latino,2021-01-31,94711,0.006085204498700303
Latino,2021-02-01,100836,0.00647873721986827
Latino,2021-02-02,108262,0.006955859503524323
Latino,2021-02-03,117304,0.007536810175328529
Latino,2021-02-04,128037,0.00822640800329519
Latino,2021-02-05,142776,0.009173392293465747
Latino,2021-02-06,147542,0.009479608938214569
Latino,2021-02-07,149261,0.009590055101102363
Latino,2021-02-08,157786,0.010137788398727983
Latino,2021-02-09,171292,0.011005552142743421
Latino,2021-02-10,188034,0.01208122966401593
Latino,2021-02-11,210444,0.01352107754668926
Latino,2021-02-12,233521,0.01500378033956978
Latino,2021-02-13,245189,0.015753452142114734
Latino,2021-02-14,251189,0.016138953583258866
Latino,2021-02-15,259920,0.016699922430363764
Latino,2021-02-16,276833,0.01778658674270888
Latino,2021-02-17,295810,0.019005863550807578
Latino,2021-02-18,318477,0.020462223745209916
Latino,2021-02-19,340281,0.021863135982327687
Latino,2021-02-20,350686,0.0225316597315118
Latino,2021-02-21,354253,0.022760840338271988
Latino,2021-02-22,366139,0.023524518693178512
Latino,2021-02-23,382612,0.024582912899839725
Latino,2021-02-24,403734,0.02594000647314745
Latino,2021-02-25,426072,0.027375228338527048
Latino,2021-02-26,449864,0.02890387005314391
Latino,2021-02-27,464990,0.029875719186268267
Latino,2021-02-28,471542,0.03029668675999766
Latino,2021-03-01,488158,0.03136426875100614
Latino,2021-03-02,506068,0.03251499055282137
Latino,2021-03-03,528413,0.0339506621698823
Latino,2021-03-04,552006,0.03546651808670122
Latino,2021-03-05,573789,0.03686608106877499
Latino,2021-03-06,589287,0.03786183129125028
Latino,2021-03-07,595314,0.03824906748887956
Latino,2021-03-08,609214,0.03914214582753013
Latino,2021-03-09,631980,0.04060486679571135
Latino,2021-03-10,661338,0.04249112534722958
Latino,2021-03-11,698495,0.04487847152199499
Latino,2021-03-12,741520,0.04764283810619937
Latino,2021-03-13,770276,0.04949041801312281
Latino,2021-03-14,784743,0.0504199262379615
Latino,2021-03-15,812473,0.052201585398449296
Latino,2021-03-16,843741,0.05421056190873174
Latino,2021-03-17,874338,0.05617642650784624
Latino,2021-03-18,909103,0.05841008610807553
Latino,2021-03-19,949821,0.061026227388159986
Latino,2021-03-20,974326,0.06260067952403281
Latino,2021-03-21,986394,0.06337605142265404
Latino,2021-03-22,1006535,0.06467011551033469
Latino,2021-03-23,1034743,0.06648248628563364
Latino,2021-03-24,1070849,0.06880230545795864
Latino,2021-03-25,1112970,0.07150858982503062
Latino,2021-03-26,1164396,0.07481272267707698
Latino,2021-03-27,1202956,0.07729021193882993
Latino,2021-03-28,1220749,0.07843341646254284
Latino,2021-03-29,1254087,0.08057539097002002
Latino,2021-03-30,1296599,0.08330679718100657
Latino,2021-03-31,1345077,0.08642152032497077
Latino,2021-04-01,1401921,0.09007376097837028
Latino,2021-04-02,1458411,0.09370325704674227
Latino,2021-04-03,1504025,0.09663396750280033
Latino,2021-04-04,1520430,0.09768799269312858
Latino,2021-04-05,1564051,0.1004906524204866
Latino,2021-04-06,1624189,0.10435453336507423
Latino,2021-04-07,1689701,0.10856369510044662
Latino,2021-04-08,1757177,0.11289904430755353
Latino,2021-04-09,1826189,0.11733308188359332
Latino,2021-04-10,1893487,0.12165699454794628
Latino,2021-04-11,1923465,0.12358308824838274
Latino,2021-04-12,1973011,0.12676643064887058
Latino,2021-04-13,2025838,0.1301605780874241
Latino,2021-04-14,2085364,0.133985137885015
Latino,2021-04-15,2142918,0.13768299620894991
Latino,2021-04-16,2208232,0.14187943639676454
Latino,2021-04-17,2252174,0.1447027204512238
Latino,2021-04-18,2270929,0.14590773370600013
Latino,2021-04-19,2315685,0.1487833174559746
Latino,2021-04-20,2376097,0.15266480296637447
Latino,2021-04-21,2439168,0.1567171298654414
Latino,2021-04-22,2499717,0.1606074176587474
Latino,2021-04-23,2556407,0.16424976377515751
Latino,2021-04-24,2587961,0.16627711585413452
Latino,2021-04-25,2591141,0.1664814316179409
Native Hawaiian or Other Pacific Islander,2020-12-15,0,0
Native Hawaiian or Other Pacific Islander,2020-12-16,0,0
Native Hawaiian or Other Pacific Islander,2020-12-17,0,0
Native Hawaiian or Other Pacific Islander,2020-12-18,0,0
Native Hawaiian or Other Pacific Islander,2020-12-19,0,0
Native Hawaiian or Other Pacific Islander,2020-12-20,0,0
Native Hawaiian or Other Pacific Islander,2020-12-21,0,0
Native Hawaiian or Other Pacific Islander,2020-12-22,0,0
Native Hawaiian or Other Pacific Islander,2020-12-23,0,0
Native Hawaiian or Other Pacific Islander,2020-12-24,0,0
Native Hawaiian or Other Pacific Islander,2020-12-25,0,0
Native Hawaiian or Other Pacific Islander,2020-12-26,0,0
Native Hawaiian or Other Pacific Islander,2020-12-27,0,0
Native Hawaiian or Other Pacific Islander,2020-12-28,0,0
Native Hawaiian or Other Pacific Islander,2020-12-29,0,0
Native Hawaiian or Other Pacific Islander,2020-12-30,0,0
Native Hawaiian or Other Pacific Islander,2020-12-31,0,0
Native Hawaiian or Other Pacific Islander,2021-01-01,0,0
Native Hawaiian or Other Pacific Islander,2021-01-02,0,0
Native Hawaiian or Other Pacific Islander,2021-01-03,0,0
Native Hawaiian or Other Pacific Islander,2021-01-04,0,0
Native Hawaiian or Other Pacific Islander,2021-01-05,47,3.2957339178703104e-4
Native Hawaiian or Other Pacific Islander,2021-01-06,219,0.0015356717617310597
Native Hawaiian or Other Pacific Islander,2021-01-07,559,0.003919819702318093
Native Hawaiian or Other Pacific Islander,2021-01-08,940,0.006591467835740621
Native Hawaiian or Other Pacific Islander,2021-01-09,1099,0.007706407607956322
Native Hawaiian or Other Pacific Islander,2021-01-10,1234,0.008653054584365879
Native Hawaiian or Other Pacific Islander,2021-01-11,1743,0.012222264295421174
Native Hawaiian or Other Pacific Islander,2021-01-12,2300,0.016128059598088756
Native Hawaiian or Other Pacific Islander,2021-01-13,2749,0.019276537319628688
Native Hawaiian or Other Pacific Islander,2021-01-14,2984,0.020924404278563846
Native Hawaiian or Other Pacific Islander,2021-01-15,3129,0.021941173253225962
Native Hawaiian or Other Pacific Islander,2021-01-16,3201,0.022446051640644393
Native Hawaiian or Other Pacific Islander,2021-01-17,3242,0.022733551833479887
Native Hawaiian or Other Pacific Islander,2021-01-18,3476,0.024374406592589788
Native Hawaiian or Other Pacific Islander,2021-01-19,3921,0.0274948355148287
Native Hawaiian or Other Pacific Islander,2021-01-20,4320,0.030292703245105836
Native Hawaiian or Other Pacific Islander,2021-01-21,4542,0.03184941160631266
Native Hawaiian or Other Pacific Islander,2021-01-22,4702,0.03297136357835362
Native Hawaiian or Other Pacific Islander,2021-01-23,4798,0.03364453476157819
Native Hawaiian or Other Pacific Islander,2021-01-24,4843,0.03396008375371471
Native Hawaiian or Other Pacific Islander,2021-01-25,5334,0.037403073867915394
Native Hawaiian or Other Pacific Islander,2021-01-26,5846,0.04099332017844646
Native Hawaiian or Other Pacific Islander,2021-01-27,6353,0.04454850548985124
Native Hawaiian or Other Pacific Islander,2021-01-28,6719,0.04711497062589493
Native Hawaiian or Other Pacific Islander,2021-01-29,7017,0.04920460617382121
Native Hawaiian or Other Pacific Islander,2021-01-30,7128,0.04998296035442463
Native Hawaiian or Other Pacific Islander,2021-01-31,7167,0.05025643614760961
Native Hawaiian or Other Pacific Islander,2021-02-01,7526,0.05277381588487651
Native Hawaiian or Other Pacific Islander,2021-02-02,7975,0.05592229360641644
Native Hawaiian or Other Pacific Islander,2021-02-03,8503,0.059624735114151596
Native Hawaiian or Other Pacific Islander,2021-02-04,9015,0.06321498142468265
Native Hawaiian or Other Pacific Islander,2021-02-05,9751,0.06837596049607106
Native Hawaiian or Other Pacific Islander,2021-02-06,9963,0.06986254685902533
Native Hawaiian or Other Pacific Islander,2021-02-07,10044,0.07043053504487107
Native Hawaiian or Other Pacific Islander,2021-02-08,10480,0.07348785416868267
Native Hawaiian or Other Pacific Islander,2021-02-09,11043,0.07743572267030178
Native Hawaiian or Other Pacific Islander,2021-02-10,11686,0.08194456715794138
Native Hawaiian or Other Pacific Islander,2021-02-11,12393,0.08690219243439735
Native Hawaiian or Other Pacific Islander,2021-02-12,13096,0.09183176891155231
Native Hawaiian or Other Pacific Islander,2021-02-13,13461,0.09439122184777075
Native Hawaiian or Other Pacific Islander,2021-02-14,13642,0.09566043001614208
Native Hawaiian or Other Pacific Islander,2021-02-15,13919,0.09760280936773799
Native Hawaiian or Other Pacific Islander,2021-02-16,14464,0.1014244582725025
Native Hawaiian or Other Pacific Islander,2021-02-17,15049,0.10552659517027724
Native Hawaiian or Other Pacific Islander,2021-02-18,15670,0.10988117126176121
Native Hawaiian or Other Pacific Islander,2021-02-19,16257,0.11399733255918647
Native Hawaiian or Other Pacific Islander,2021-02-20,16519,0.11583452891340354
Native Hawaiian or Other Pacific Islander,2021-02-21,16649,0.11674611489068681
Native Hawaiian or Other Pacific Islander,2021-02-22,17012,0.11929154342725473
Native Hawaiian or Other Pacific Islander,2021-02-23,17471,0.12251014314704722
Native Hawaiian or Other Pacific Islander,2021-02-24,18034,0.12645801164866635
Native Hawaiian or Other Pacific Islander,2021-02-25,18625,0.13060222174539263
Native Hawaiian or Other Pacific Islander,2021-02-26,19239,0.1349077124380998
Native Hawaiian or Other Pacific Islander,2021-02-27,19694,0.13809826335859127
Native Hawaiian or Other Pacific Islander,2021-02-28,19864,0.1392903373288848
Native Hawaiian or Other Pacific Islander,2021-03-01,20251,0.14200405866125884
Native Hawaiian or Other Pacific Islander,2021-03-02,20716,0.1452647315800029
Native Hawaiian or Other Pacific Islander,2021-03-03,21307,0.14940894167672916
Native Hawaiian or Other Pacific Islander,2021-03-04,21888,0.1534830297752029
Native Hawaiian or Other Pacific Islander,2021-03-05,22459,0.15748699587542406
Native Hawaiian or Other Pacific Islander,2021-03-06,22847,0.16020772940762337
Native Hawaiian or Other Pacific Islander,2021-03-07,23050,0.16163120597215033
Native Hawaiian or Other Pacific Islander,2021-03-08,23427,0.16427480530627184
Native Hawaiian or Other Pacific Islander,2021-03-09,23937,0.1678510272171524
Native Hawaiian or Other Pacific Islander,2021-03-10,24649,0.17284371349273464
Native Hawaiian or Other Pacific Islander,2021-03-11,25472,0.17861475394892032
Native Hawaiian or Other Pacific Islander,2021-03-12,26382,0.18499585578990327
Native Hawaiian or Other Pacific Islander,2021-03-13,26940,0.1889086632923961
Native Hawaiian or Other Pacific Islander,2021-03-14,27286,0.19133488443193467
Native Hawaiian or Other Pacific Islander,2021-03-15,27908,0.1956964727232439
Native Hawaiian or Other Pacific Islander,2021-03-16,28564,0.20029647580861182
Native Hawaiian or Other Pacific Islander,2021-03-17,29253,0.20512788148821318
Native Hawaiian or Other Pacific Islander,2021-03-18,29989,0.21028886055960158
Native Hawaiian or Other Pacific Islander,2021-03-19,30717,0.21539374203238795
Native Hawaiian or Other Pacific Islander,2021-03-20,31204,0.2188086833472876
Native Hawaiian or Other Pacific Islander,2021-03-21,31444,0.22049161130534903
Native Hawaiian or Other Pacific Islander,2021-03-22,31899,0.2236821622258405
Native Hawaiian or Other Pacific Islander,2021-03-23,32462,0.22763003072745963
Native Hawaiian or Other Pacific Islander,2021-03-24,33157,0.23250350960601254
Native Hawaiian or Other Pacific Islander,2021-03-25,33953,0.2380852206669163
Native Hawaiian or Other Pacific Islander,2021-03-26,34847,0.24435412731069514
Native Hawaiian or Other Pacific Islander,2021-03-27,35652,0.24999894817002621
Native Hawaiian or Other Pacific Islander,2021-03-28,36054,0.2528178524997791
Native Hawaiian or Other Pacific Islander,2021-03-29,36724,0.2575160263827006
Native Hawaiian or Other Pacific Islander,2021-03-30,37427,0.2624456028598556
Native Hawaiian or Other Pacific Islander,2021-03-31,38259,0.26827975311446856
Native Hawaiian or Other Pacific Islander,2021-04-01,39264,0.2753270139388508
Native Hawaiian or Other Pacific Islander,2021-04-02,40266,0.2823532381637573
Native Hawaiian or Other Pacific Islander,2021-04-03,40931,0.2870163510475525
Native Hawaiian or Other Pacific Islander,2021-04-04,41322,0.2897581211792276
Native Hawaiian or Other Pacific Islander,2021-04-05,42197,0.2958937960263266
Native Hawaiian or Other Pacific Islander,2021-04-06,43255,0.3033127034414474
Native Hawaiian or Other Pacific Islander,2021-04-07,44326,0.3108227694542966
Native Hawaiian or Other Pacific Islander,2021-04-08,45586,0.3196581412341191
Native Hawaiian or Other Pacific Islander,2021-04-09,46874,0.3286898546090488
Native Hawaiian or Other Pacific Islander,2021-04-10,47982,0.3364593720154324
Native Hawaiian or Other Pacific Islander,2021-04-11,48623,0.34095419210342154
Native Hawaiian or Other Pacific Islander,2021-04-12,49558,0.3475105989400359
Native Hawaiian or Other Pacific Islander,2021-04-13,50498,0.3541020667757765
Native Hawaiian or Other Pacific Islander,2021-04-14,51584,0.36171731578600447
Native Hawaiian or Other Pacific Islander,2021-04-15,52605,0.3688767718075908
Native Hawaiian or Other Pacific Islander,2021-04-16,53708,0.37661122821484816
Native Hawaiian or Other Pacific Islander,2021-04-17,54353,0.3811340971021383
Native Hawaiian or Other Pacific Islander,2021-04-18,54772,0.3840722088289205
Native Hawaiian or Other Pacific Islander,2021-04-19,55658,0.39028501787409736
Native Hawaiian or Other Pacific Islander,2021-04-20,56648,0.39722709570110076
Native Hawaiian or Other Pacific Islander,2021-04-21,57693,0.4045548445184933
Native Hawaiian or Other Pacific Islander,2021-04-22,58874,0.4128362525121206
Native Hawaiian or Other Pacific Islander,2021-04-23,59889,0.4199536353347554
Native Hawaiian or Other Pacific Islander,2021-04-24,60534,0.42447650422204547
Native Hawaiian or Other Pacific Islander,2021-04-25,60620,0.42507955340701753
Other/Multiracial,2020-12-15,0,0
Other/Multiracial,2020-12-15,0,0
Other/Multiracial,2020-12-16,0,0
Other/Multiracial,2020-12-16,0,0
Other/Multiracial,2020-12-17,0,0
Other/Multiracial,2020-12-17,0,0
Other/Multiracial,2020-12-18,0,0
Other/Multiracial,2020-12-18,0,0
Other/Multiracial,2020-12-19,1,7.580756567844303e-7
Other/Multiracial,2020-12-19,1,7.580756567844303e-7
Other/Multiracial,2020-12-20,1,7.580756567844303e-7
Other/Multiracial,2020-12-20,1,7.580756567844303e-7
Other/Multiracial,2020-12-21,1,7.580756567844303e-7
Other/Multiracial,2020-12-21,1,7.580756567844303e-7
Other/Multiracial,2020-12-22,2,1.5161513135688606e-6
Other/Multiracial,2020-12-22,2,1.5161513135688606e-6
Other/Multiracial,2020-12-23,2,1.5161513135688606e-6
Other/Multiracial,2020-12-23,2,1.5161513135688606e-6
Other/Multiracial,2020-12-24,2,1.5161513135688606e-6
Other/Multiracial,2020-12-24,2,1.5161513135688606e-6
Other/Multiracial,2020-12-25,2,1.5161513135688606e-6
Other/Multiracial,2020-12-25,2,1.5161513135688606e-6
Other/Multiracial,2020-12-26,2,1.5161513135688606e-6
Other/Multiracial,2020-12-26,2,1.5161513135688606e-6
Other/Multiracial,2020-12-27,2,1.5161513135688606e-6
Other/Multiracial,2020-12-27,2,1.5161513135688606e-6
Other/Multiracial,2020-12-28,2,1.5161513135688606e-6
Other/Multiracial,2020-12-28,2,1.5161513135688606e-6
Other/Multiracial,2020-12-29,2,1.5161513135688606e-6
Other/Multiracial,2020-12-29,2,1.5161513135688606e-6
Other/Multiracial,2020-12-30,3,2.2742269703532906e-6
Other/Multiracial,2020-12-30,3,2.2742269703532906e-6
Other/Multiracial,2020-12-31,3,2.2742269703532906e-6
Other/Multiracial,2020-12-31,3,2.2742269703532906e-6
Other/Multiracial,2021-01-01,3,2.2742269703532906e-6
Other/Multiracial,2021-01-01,3,2.2742269703532906e-6
Other/Multiracial,2021-01-02,3,2.2742269703532906e-6
Other/Multiracial,2021-01-02,3,2.2742269703532906e-6
Other/Multiracial,2021-01-03,5,3.7903782839221515e-6
Other/Multiracial,2021-01-03,5,3.7903782839221515e-6
Other/Multiracial,2021-01-04,10,7.580756567844303e-6
Other/Multiracial,2021-01-04,10,7.580756567844303e-6
Other/Multiracial,2021-01-05,545,4.131512329475145e-4
Other/Multiracial,2021-01-05,545,4.131512329475145e-4
Other/Multiracial,2021-01-06,2133,0.0016169753759211899
Other/Multiracial,2021-01-06,2133,0.0016169753759211899
Other/Multiracial,2021-01-07,5447,0.0041292381025047915
Other/Multiracial,2021-01-07,5447,0.0041292381025047915
Other/Multiracial,2021-01-08,9791,0.0074223187555763565
Other/Multiracial,2021-01-08,9791,0.0074223187555763565
Other/Multiracial,2021-01-09,11544,0.008751225381919463
Other/Multiracial,2021-01-09,11544,0.008751225381919463
Other/Multiracial,2021-01-10,12830,0.00972611067654424
Other/Multiracial,2021-01-10,12830,0.00972611067654424
Other/Multiracial,2021-01-11,17479,0.013250404404935056
Other/Multiracial,2021-01-11,17479,0.013250404404935056
Other/Multiracial,2021-01-12,21896,0.016598824580951885
Other/Multiracial,2021-01-12,21896,0.016598824580951885
Other/Multiracial,2021-01-13,25495,0.01932713886971905
Other/Multiracial,2021-01-13,25495,0.01932713886971905
Other/Multiracial,2021-01-14,27777,0.02105706751850112
Other/Multiracial,2021-01-14,27777,0.02105706751850112
Other/Multiracial,2021-01-15,29384,0.0222752950989537
Other/Multiracial,2021-01-15,29384,0.0222752950989537
Other/Multiracial,2021-01-16,30477,0.02310387179181908
Other/Multiracial,2021-01-16,30477,0.02310387179181908
Other/Multiracial,2021-01-17,30909,0.023431360475549955
Other/Multiracial,2021-01-17,30909,0.023431360475549955
Other/Multiracial,2021-01-18,35183,0.026671375832646612
Other/Multiracial,2021-01-18,35183,0.026671375832646612
Other/Multiracial,2021-01-19,41434,0.03141010676320608
Other/Multiracial,2021-01-19,41434,0.03141010676320608
Other/Multiracial,2021-01-20,48604,0.03684550922235045
Other/Multiracial,2021-01-20,48604,0.03684550922235045
Other/Multiracial,2021-01-21,51629,0.03913868808412335
Other/Multiracial,2021-01-21,51629,0.03913868808412335
Other/Multiracial,2021-01-22,53368,0.04045698165127148
Other/Multiracial,2021-01-22,53368,0.04045698165127148
Other/Multiracial,2021-01-23,57289,0.043429396301523225
Other/Multiracial,2021-01-23,57289,0.043429396301523225
Other/Multiracial,2021-01-24,57997,0.0439661138665266
Other/Multiracial,2021-01-24,57997,0.0439661138665266
Other/Multiracial,2021-01-25,64490,0.04888829910602791
Other/Multiracial,2021-01-25,64490,0.04888829910602791
Other/Multiracial,2021-01-26,71178,0.05395830909860218
Other/Multiracial,2021-01-26,71178,0.05395830909860218
Other/Multiracial,2021-01-27,78154,0.059246644880330365
Other/Multiracial,2021-01-27,78154,0.059246644880330365
Other/Multiracial,2021-01-28,83544,0.06333267267039844
Other/Multiracial,2021-01-28,83544,0.06333267267039844
Other/Multiracial,2021-01-29,88990,0.06746115269724645
Other/Multiracial,2021-01-29,88990,0.06746115269724645
Other/Multiracial,2021-01-30,91412,0.06929721193797835
Other/Multiracial,2021-01-30,91412,0.06929721193797835
Other/Multiracial,2021-01-31,92528,0.07014322437094976
Other/Multiracial,2021-01-31,92528,0.07014322437094976
Other/Multiracial,2021-02-01,100162,0.0759303739348421
Other/Multiracial,2021-02-01,100162,0.0759303739348421
Other/Multiracial,2021-02-02,109289,0.0828493304543136
Other/Multiracial,2021-02-02,109289,0.0828493304543136
Other/Multiracial,2021-02-03,119712,0.09075075302497772
Other/Multiracial,2021-02-03,119712,0.09075075302497772
Other/Multiracial,2021-02-04,131253,0.09949970417992683
Other/Multiracial,2021-02-04,131253,0.09949970417992683
Other/Multiracial,2021-02-05,143557,0.10882706706100245
Other/Multiracial,2021-02-05,143557,0.10882706706100245
Other/Multiracial,2021-02-06,149283,0.1131678082717501
Other/Multiracial,2021-02-06,149283,0.1131678082717501
Other/Multiracial,2021-02-07,152059,0.11527222629498368
Other/Multiracial,2021-02-07,152059,0.11527222629498368
Other/Multiracial,2021-02-08,161526,0.12244892853776189
Other/Multiracial,2021-02-08,161526,0.12244892853776189
Other/Multiracial,2021-02-09,173382,0.1314366735245981
Other/Multiracial,2021-02-09,173382,0.1314366735245981
Other/Multiracial,2021-02-10,188140,0.14262435406742272
Other/Multiracial,2021-02-10,188140,0.14262435406742272
Other/Multiracial,2021-02-11,201588,0.15281895549985974
Other/Multiracial,2021-02-11,201588,0.15281895549985974
Other/Multiracial,2021-02-12,215517,0.16337819132321005
Other/Multiracial,2021-02-12,215517,0.16337819132321005
Other/Multiracial,2021-02-13,223182,0.16918884123246272
Other/Multiracial,2021-02-13,223182,0.16918884123246272
Other/Multiracial,2021-02-14,228087,0.17290720232899034
Other/Multiracial,2021-02-14,228087,0.17290720232899034
Other/Multiracial,2021-02-15,236184,0.17904534092197388
Other/Multiracial,2021-02-15,236184,0.17904534092197388
Other/Multiracial,2021-02-16,250853,0.1901655527313447
Other/Multiracial,2021-02-16,250853,0.1901655527313447
Other/Multiracial,2021-02-17,266260,0.2018452243754224
Other/Multiracial,2021-02-17,266260,0.2018452243754224
Other/Multiracial,2021-02-18,282053,0.21381751322301892
Other/Multiracial,2021-02-18,282053,0.21381751322301892
Other/Multiracial,2021-02-19,294656,0.22337154072547308
Other/Multiracial,2021-02-19,294656,0.22337154072547308
Other/Multiracial,2021-02-20,302017,0.22895173563506327
Other/Multiracial,2021-02-20,302017,0.22895173563506327
Other/Multiracial,2021-02-21,306419,0.23228878467622835
Other/Multiracial,2021-02-21,306419,0.23228878467622835
Other/Multiracial,2021-02-22,316142,0.23965955428714336
Other/Multiracial,2021-02-22,316142,0.23965955428714336
Other/Multiracial,2021-02-23,330079,0.25022485471574796
Other/Multiracial,2021-02-23,330079,0.25022485471574796
Other/Multiracial,2021-02-24,346601,0.26274978071714034
Other/Multiracial,2021-02-24,346601,0.26274978071714034
Other/Multiracial,2021-02-25,362185,0.2745636317524689
Other/Multiracial,2021-02-25,362185,0.2745636317524689
Other/Multiracial,2021-02-26,377376,0.2860795590546812
Other/Multiracial,2021-02-26,377376,0.2860795590546812
Other/Multiracial,2021-02-27,388870,0.2947928806537614
Other/Multiracial,2021-02-27,388870,0.2947928806537614
Other/Multiracial,2021-02-28,393138,0.2980283475569174
Other/Multiracial,2021-02-28,393138,0.2980283475569174
Other/Multiracial,2021-03-01,402111,0.30483056042524403
Other/Multiracial,2021-03-01,402111,0.30483056042524403
Other/Multiracial,2021-03-02,413246,0.31327173286353865
Other/Multiracial,2021-03-02,413246,0.31327173286353865
Other/Multiracial,2021-03-03,427351,0.32396439000248306
Other/Multiracial,2021-03-03,427351,0.32396439000248306
Other/Multiracial,2021-03-04,441841,0.33494890626928947
Other/Multiracial,2021-03-04,441841,0.33494890626928947
Other/Multiracial,2021-03-05,455271,0.34512986233990434
Other/Multiracial,2021-03-05,455271,0.34512986233990434
Other/Multiracial,2021-03-06,465597,0.3529577515718604
Other/Multiracial,2021-03-06,465597,0.3529577515718604
Other/Multiracial,2021-03-07,469981,0.35628115525120335
Other/Multiracial,2021-03-07,469981,0.35628115525120335
Other/Multiracial,2021-03-08,477683,0.362119853959757
Other/Multiracial,2021-03-08,477683,0.362119853959757
Other/Multiracial,2021-03-09,491003,0.3722174217081256
Other/Multiracial,2021-03-09,491003,0.3722174217081256
Other/Multiracial,2021-03-10,504668,0.38257652555808486
Other/Multiracial,2021-03-10,504668,0.38257652555808486
Other/Multiracial,2021-03-11,522640,0.39620066126181464
Other/Multiracial,2021-03-11,522640,0.39620066126181464
Other/Multiracial,2021-03-12,541922,0.410817876075932
Other/Multiracial,2021-03-12,541922,0.410817876075932
Other/Multiracial,2021-03-13,553389,0.4195107296322791
Other/Multiracial,2021-03-13,553389,0.4195107296322791
Other/Multiracial,2021-03-14,559456,0.42410997464199024
Other/Multiracial,2021-03-14,559456,0.42410997464199024
Other/Multiracial,2021-03-15,571802,0.4334691767006508
Other/Multiracial,2021-03-15,571802,0.4334691767006508
Other/Multiracial,2021-03-16,586495,0.44460758232578446
Other/Multiracial,2021-03-16,586495,0.44460758232578446
Other/Multiracial,2021-03-17,600194,0.45499246074807437
Other/Multiracial,2021-03-17,600194,0.45499246074807437
Other/Multiracial,2021-03-18,616047,0.4670102341350779
Other/Multiracial,2021-03-18,616047,0.4670102341350779
Other/Multiracial,2021-03-19,632376,0.4793888515347109
Other/Multiracial,2021-03-19,632376,0.4793888515347109
Other/Multiracial,2021-03-20,642657,0.4871826273621116
Other/Multiracial,2021-03-20,642657,0.4871826273621116
Other/Multiracial,2021-03-21,647568,0.49090553691257993
Other/Multiracial,2021-03-21,647568,0.49090553691257993
Other/Multiracial,2021-03-22,656601,0.4977532343203137
Other/Multiracial,2021-03-22,656601,0.4977532343203137
Other/Multiracial,2021-03-23,669332,0.5074042955068363
Other/Multiracial,2021-03-23,669332,0.5074042955068363
Other/Multiracial,2021-03-24,684328,0.5187723980559756
Other/Multiracial,2021-03-24,684328,0.5187723980559756
Other/Multiracial,2021-03-25,701413,0.5317241206521376
Other/Multiracial,2021-03-25,701413,0.5317241206521376
Other/Multiracial,2021-03-26,719530,0.5454581773261011
Other/Multiracial,2021-03-26,719530,0.5454581773261011
Other/Multiracial,2021-03-27,734206,0.5565836956650694
Other/Multiracial,2021-03-27,734206,0.5565836956650694
Other/Multiracial,2021-03-28,740950,0.5616961578944236
Other/Multiracial,2021-03-28,740950,0.5616961578944236
Other/Multiracial,2021-03-29,752660,0.5705732238353693
Other/Multiracial,2021-03-29,752660,0.5705732238353693
Other/Multiracial,2021-03-30,766820,0.5813075751354368
Other/Multiracial,2021-03-30,766820,0.5813075751354368
Other/Multiracial,2021-03-31,783852,0.5942191197217892
Other/Multiracial,2021-03-31,783852,0.5942191197217892
Other/Multiracial,2021-04-01,803950,0.6094549242718428
Other/Multiracial,2021-04-01,803950,0.6094549242718428
Other/Multiracial,2021-04-02,824771,0.6252388175217514
Other/Multiracial,2021-04-02,824771,0.6252388175217514
Other/Multiracial,2021-04-03,840725,0.6373331565500902
Other/Multiracial,2021-04-03,840725,0.6373331565500902
Other/Multiracial,2021-04-04,847753,0.6426609122659711
Other/Multiracial,2021-04-04,847753,0.6426609122659711
Other/Multiracial,2021-04-05,864934,0.6556854101251844
Other/Multiracial,2021-04-05,864934,0.6556854101251844
Other/Multiracial,2021-04-06,888586,0.6736154155594498
Other/Multiracial,2021-04-06,888586,0.6736154155594498
Other/Multiracial,2021-04-07,912515,0.6917554079506444
Other/Multiracial,2021-04-07,912515,0.6917554079506444
Other/Multiracial,2021-04-08,939935,0.7125418424596734
Other/Multiracial,2021-04-08,939935,0.7125418424596734
Other/Multiracial,2021-04-09,968744,0.7343812440559762
Other/Multiracial,2021-04-09,968744,0.7343812440559762
Other/Multiracial,2021-04-10,990318,0.7507359682754434
Other/Multiracial,2021-04-10,990318,0.7507359682754434
Other/Multiracial,2021-04-11,1000428,0.758400113165534
Other/Multiracial,2021-04-11,1000428,0.758400113165534
Other/Multiracial,2021-04-12,1018307,0.7719537478331828
Other/Multiracial,2021-04-12,1018307,0.7719537478331828
Other/Multiracial,2021-04-13,1037737,0.7866831578445044
Other/Multiracial,2021-04-13,1037737,0.7866831578445044
Other/Multiracial,2021-04-14,1058914,0.8027369260282282
Other/Multiracial,2021-04-14,1058914,0.8027369260282282
Other/Multiracial,2021-04-15,1080322,0.8189658096886693
Other/Multiracial,2021-04-15,1080322,0.8189658096886693
Other/Multiracial,2021-04-16,1101430,0.8349672706520751
Other/Multiracial,2021-04-16,1101430,0.8349672706520751
Other/Multiracial,2021-04-17,1115640,0.8457395257349818
Other/Multiracial,2021-04-17,1115640,0.8457395257349818
Other/Multiracial,2021-04-18,1122892,0.8512370903979825
Other/Multiracial,2021-04-18,1122892,0.8512370903979825
Other/Multiracial,2021-04-19,1140516,0.8645974157731513
Other/Multiracial,2021-04-19,1140516,0.8645974157731513
Other/Multiracial,2021-04-20,1157878,0.8777591253262426
Other/Multiracial,2021-04-20,1157878,0.8777591253262426
Other/Multiracial,2021-04-21,1178085,0.8930775601228855
Other/Multiracial,2021-04-21,1178085,0.8930775601228855
Other/Multiracial,2021-04-22,1200770,0.9102745063970403
Other/Multiracial,2021-04-22,1200770,0.9102745063970403
Other/Multiracial,2021-04-23,1220496,0.92522830680277
Other/Multiracial,2021-04-23,1220496,0.92522830680277
Other/Multiracial,2021-04-24,1232645,0.934438167957044
Other/Multiracial,2021-04-24,1232645,0.934438167957044
Other/Multiracial,2021-04-25,1234999,0.9362226780531147
Other/Multiracial,2021-04-25,1234999,0.9362226780531147
Unknown,2020-12-15,0,0
Unknown,2020-12-16,0,0
Unknown,2020-12-17,0,0
Unknown,2020-12-18,0,0
Unknown,2020-12-19,0,0
Unknown,2020-12-20,0,0
Unknown,2020-12-21,0,0
Unknown,2020-12-22,0,0
Unknown,2020-12-23,0,0
Unknown,2020-12-24,0,0
Unknown,2020-12-25,0,0
Unknown,2020-12-26,0,0
Unknown,2020-12-27,0,0
Unknown,2020-12-28,0,0
Unknown,2020-12-29,1,0
Unknown,2020-12-30,2,0
Unknown,2020-12-31,2,0
Unknown,2021-01-01,2,0
Unknown,2021-01-02,3,0
Unknown,2021-01-03,3,0
Unknown,2021-01-04,4,0
Unknown,2021-01-05,968,0
Unknown,2021-01-06,3331,0
Unknown,2021-01-07,8199,0
Unknown,2021-01-08,14512,0
Unknown,2021-01-09,17048,0
Unknown,2021-01-10,18606,0
Unknown,2021-01-11,25967,0
Unknown,2021-01-12,33045,0
Unknown,2021-01-13,38472,0
Unknown,2021-01-14,41974,0
Unknown,2021-01-15,44376,0
Unknown,2021-01-16,44871,0
Unknown,2021-01-17,45107,0
Unknown,2021-01-18,46613,0
Unknown,2021-01-19,49061,0
Unknown,2021-01-20,51412,0
Unknown,2021-01-21,53003,0
Unknown,2021-01-22,54556,0
Unknown,2021-01-23,55332,0
Unknown,2021-01-24,55809,0
Unknown,2021-01-25,58511,0
Unknown,2021-01-26,61085,0
Unknown,2021-01-27,63771,0
Unknown,2021-01-28,66438,0
Unknown,2021-01-29,69944,0
Unknown,2021-01-30,71034,0
Unknown,2021-01-31,71324,0
Unknown,2021-02-01,75049,0
Unknown,2021-02-02,79151,0
Unknown,2021-02-03,83157,0
Unknown,2021-02-04,87067,0
Unknown,2021-02-05,93277,0
Unknown,2021-02-06,95286,0
Unknown,2021-02-07,96008,0
Unknown,2021-02-08,99720,0
Unknown,2021-02-09,103321,0
Unknown,2021-02-10,107463,0
Unknown,2021-02-11,112843,0
Unknown,2021-02-12,119734,0
Unknown,2021-02-13,123149,0
Unknown,2021-02-14,124441,0
Unknown,2021-02-15,127329,0
Unknown,2021-02-16,132176,0
Unknown,2021-02-17,138989,0
Unknown,2021-02-18,145722,0
Unknown,2021-02-19,150955,0
Unknown,2021-02-20,154039,0
Unknown,2021-02-21,155327,0
Unknown,2021-02-22,159297,0
Unknown,2021-02-23,164789,0
Unknown,2021-02-24,171705,0
Unknown,2021-02-25,178989,0
Unknown,2021-02-26,186741,0
Unknown,2021-02-27,191493,0
Unknown,2021-02-28,193947,0
Unknown,2021-03-01,199175,0
Unknown,2021-03-02,204062,0
Unknown,2021-03-03,210840,0
Unknown,2021-03-04,217731,0
Unknown,2021-03-05,223975,0
Unknown,2021-03-06,228196,0
Unknown,2021-03-07,230109,0
Unknown,2021-03-08,233755,0
Unknown,2021-03-09,238876,0
Unknown,2021-03-10,245176,0
Unknown,2021-03-11,252665,0
Unknown,2021-03-12,260645,0
Unknown,2021-03-13,264432,0
Unknown,2021-03-14,266454,0
Unknown,2021-03-15,272292,0
Unknown,2021-03-16,279152,0
Unknown,2021-03-17,286783,0
Unknown,2021-03-18,295541,0
Unknown,2021-03-19,303643,0
Unknown,2021-03-20,308368,0
Unknown,2021-03-21,310320,0
Unknown,2021-03-22,313911,0
Unknown,2021-03-23,318444,0
Unknown,2021-03-24,326177,0
Unknown,2021-03-25,332978,0
Unknown,2021-03-26,339555,0
Unknown,2021-03-27,344201,0
Unknown,2021-03-28,346931,0
Unknown,2021-03-29,351699,0
Unknown,2021-03-30,357089,0
Unknown,2021-03-31,364463,0
Unknown,2021-04-01,374352,0
Unknown,2021-04-02,384453,0
Unknown,2021-04-03,391616,0
Unknown,2021-04-04,394629,0
Unknown,2021-04-05,402659,0
Unknown,2021-04-06,413827,0
Unknown,2021-04-07,426142,0
Unknown,2021-04-08,438998,0
Unknown,2021-04-09,453155,0
Unknown,2021-04-10,463922,0
Unknown,2021-04-11,469067,0
Unknown,2021-04-12,478372,0
Unknown,2021-04-13,484933,0
Unknown,2021-04-14,492804,0
Unknown,2021-04-15,501589,0
Unknown,2021-04-16,510483,0
Unknown,2021-04-17,516201,0
Unknown,2021-04-18,519447,0
Unknown,2021-04-19,525681,0
Unknown,2021-04-20,532593,0
Unknown,2021-04-21,541832,0
Unknown,2021-04-22,552629,0
Unknown,2021-04-23,562033,0
Unknown,2021-04-24,569062,0
Unknown,2021-04-25,570815,0
White,2020-12-15,0,0
White,2020-12-16,0,0
White,2020-12-17,0,0
White,2020-12-18,0,0
White,2020-12-19,0,0
White,2020-12-20,0,0
White,2020-12-21,1,6.889715985513518e-8
White,2020-12-22,1,6.889715985513518e-8
White,2020-12-23,1,6.889715985513518e-8
White,2020-12-24,1,6.889715985513518e-8
White,2020-12-25,1,6.889715985513518e-8
White,2020-12-26,1,6.889715985513518e-8
White,2020-12-27,1,6.889715985513518e-8
White,2020-12-28,3,2.0669147956540553e-7
White,2020-12-29,4,2.755886394205407e-7
White,2020-12-30,4,2.755886394205407e-7
White,2020-12-31,4,2.755886394205407e-7
White,2021-01-01,5,3.4448579927567586e-7
White,2021-01-02,5,3.4448579927567586e-7
White,2021-01-03,5,3.4448579927567586e-7
White,2021-01-04,22,1.5157375168129738e-6
White,2021-01-05,2012,1.3862108562853197e-4
White,2021-01-06,7586,5.226538546610555e-4
White,2021-01-07,18101,0.001247107490537802
White,2021-01-08,32946,0.0022698858285872836
White,2021-01-09,38148,0.002628288854153697
White,2021-01-10,41850,0.0028833461399374073
White,2021-01-11,56892,0.003919697218478351
White,2021-01-12,70958,0.004888804669000682
White,2021-01-13,82540,0.005686771574442857
White,2021-01-14,88663,0.00610862888423585
White,2021-01-15,93617,0.00644994541415819
White,2021-01-16,96292,0.006634245316770676
White,2021-01-17,97633,0.006726636408136413
White,2021-01-18,104079,0.007170747500562614
White,2021-01-19,114516,0.00788982715797066
White,2021-01-20,125818,0.008668502858653398
White,2021-01-21,132385,0.00912095050742207
White,2021-01-22,137206,0.009453103715083677
White,2021-01-23,140981,0.009713190493536812
White,2021-01-24,142597,0.00982452830386271
White,2021-01-25,154191,0.010623321975223149
White,2021-01-26,166802,0.011492184058156258
White,2021-01-27,179319,0.012354569808062984
White,2021-01-28,190321,0.013112576360789182
White,2021-01-29,200939,0.013844126404131006
White,2021-01-30,205801,0.014179104395346675
White,2021-01-31,207542,0.014299054350654464
White,2021-02-01,220094,0.01516385150115612
White,2021-02-02,235862,0.016250221917751894
White,2021-02-03,254231,0.01751579384713087
White,2021-02-04,275080,0.018952230732950583
White,2021-02-05,302312,0.020828438190125625
White,2021-02-06,316282,0.021790931513301862
White,2021-02-07,323131,0.022262808161149686
White,2021-02-08,348143,0.023986063923446325
White,2021-02-09,383392,0.026414619911179986
White,2021-02-10,432300,0.029784242205374938
White,2021-02-11,485206,0.03342931534467072
White,2021-02-12,540838,0.0372622021417316
White,2021-02-13,577265,0.03977191898377461
White,2021-02-14,599100,0.04127628846921148
White,2021-02-15,630758,0.043457434755905355
White,2021-02-16,689004,0.047470418728827554
White,2021-02-17,754898,0.052010328180321835
White,2021-02-18,824684,0.0568183853779723
White,2021-02-19,884003,0.06090529600341906
White,2021-02-20,919346,0.0633403283241791
White,2021-02-21,940431,0.06479302493972462
White,2021-02-22,981788,0.06764240477985345
White,2021-02-23,1043508,0.0718947374861124
White,2021-02-24,1119488,0.07712954369190557
White,2021-02-25,1198904,0.08260108053896098
White,2021-02-26,1276465,0.08794481315448513
White,2021-02-27,1329398,0.09159174651709699
White,2021-02-28,1358178,0.09357460677772779
White,2021-03-01,1408237,0.097023529702916
White,2021-03-02,1463659,0.1008419480964073
White,2021-03-03,1533739,0.10567026105905516
White,2021-03-04,1603781,0.11049595592962855
White,2021-03-05,1663365,0.11460112430243692
White,2021-03-06,1711924,0.11794670148784243
White,2021-03-07,1737053,0.11967801821784213
White,2021-03-08,1772969,0.12215252861119916
White,2021-03-09,1830673,0.12612817032347987
White,2021-03-10,1898344,0.13079051002803674
White,2021-03-11,1981093,0.13649168110888932
White,2021-03-12,2070252,0.1426344829844133
White,2021-03-13,2127383,0.14657064662409705
White,2021-03-14,2158083,0.14868578943164967
White,2021-03-15,2217601,0.15278641059190762
White,2021-03-16,2287342,0.1575913674173646
White,2021-03-17,2351419,0.1620060907294021
White,2021-03-18,2419709,0.1667110777759093
White,2021-03-19,2486881,0.17133903779769843
White,2021-03-20,2528229,0.17418779756338856
White,2021-03-21,2548885,0.17561093729735622
White,2021-03-22,2587480,0.17827002318196516
White,2021-03-23,2640036,0.18189098231531164
White,2021-03-24,2705705,0.18641538990583853
White,2021-03-25,2776383,0.19128490337007978
White,2021-03-26,2851838,0.196483538566949
White,2021-03-27,2910211,0.2005052724791728
White,2021-03-28,2938184,0.20243253273180048
White,2021-03-29,2989614,0.2059759136631501
White,2021-03-30,3049168,0.2100790151211628
White,2021-03-31,3118185,0.21483409040288468
White,2021-04-01,3199964,0.2204684312386778
White,2021-04-02,3277699,0.2258241519600167
White,2021-04-03,3334277,0.22972221547030056
White,2021-04-04,3359245,0.23144243975756357
White,2021-04-05,3424784,0.23595789071730927
White,2021-04-06,3512304,0.2419877701478307
White,2021-04-07,3599684,0.24800800397597242
White,2021-04-08,3696936,0.25470839056620403
White,2021-04-09,3789014,0.26105230325134515
White,2021-04-10,3855656,0.2656437477784111
White,2021-04-11,3893463,0.2682485427010542
White,2021-04-12,3958741,0.27274601150207767
White,2021-04-13,4030227,0.27767119387148187
White,2021-04-14,4107340,0.2829840605593909
White,2021-04-15,4184570,0.288304988215003
White,2021-04-16,4259503,0.29346765909442785
White,2021-04-17,4306874,0.29673138645392544
White,2021-04-18,4332200,0.2984762759244166
White,2021-04-19,4392564,0.302635184081912
White,2021-04-20,4465306,0.3076469012840942
White,2021-04-21,4541463,0.3128939022871818
White,2021-04-22,4626423,0.31874740498847404
White,2021-04-23,4701321,0.32390766446730396
White,2021-04-24,4741693,0.3266891806049755
White,2021-04-25,4747578,0.32709464039072295
